<application>
  <component name="LafManager">
    <laf themeId="1eaba802-33fc-4d50-a13d-616387745dc0" />
    <lafs-to-previous-schemes>
      <laf-to-scheme laf="1eaba802-33fc-4d50-a13d-616387745dc0" scheme="_@user_Gruvbox Light Hard" />
      <laf-to-scheme laf="3ef5925f-3169-46ca-ba19-96a58f317428" scheme="_@user_Gruvbox Dark Hard" />
      <laf-to-scheme laf="ExperimentalDark" scheme="_@user_Darcula" />
      <laf-to-scheme laf="ExperimentalLight" scheme="_@user_Default" />
    </lafs-to-previous-schemes>
  </component>
</application>