<application>
  <component name="AutoDarkMode">
    <option name="entries">
      <list>
        <Entry>
          <option name="groupIdentifier" value="macos_settings_hidden" />
          <option name="name" value="executed" />
          <option name="value" value="true" />
        </Entry>
        <Entry>
          <option name="groupIdentifier" value="general_settings:IDE Theme" />
          <option name="name" value="changeIdeTheme" />
          <option name="value" value="true" />
        </Entry>
        <Entry>
          <option name="groupIdentifier" value="general_settings:IDE Theme:group_0" />
          <option name="name" value="lightTheme" />
          <option name="value" value="1eaba802-33fc-4d50-a13d-616387745dc0" />
        </Entry>
        <Entry>
          <option name="groupIdentifier" value="general_settings:IDE Theme:group_0" />
          <option name="name" value="darkTheme" />
          <option name="value" value="3ef5925f-3169-46ca-ba19-96a58f317428" />
        </Entry>
        <Entry>
          <option name="groupIdentifier" value="general_settings:IDE Theme:group_0" />
          <option name="name" value="highContrastTheme" />
          <option name="value" value="JetBrainsHighContrastTheme" />
        </Entry>
        <Entry>
          <option name="groupIdentifier" value="general_settings:Editor Theme" />
          <option name="name" value="changeEditorTheme" />
          <option name="value" value="true" />
        </Entry>
        <Entry>
          <option name="groupIdentifier" value="general_settings:Editor Theme:group_0" />
          <option name="name" value="lightCodeScheme" />
          <option name="value" value="_@user_Gruvbox Light Hard" />
        </Entry>
        <Entry>
          <option name="groupIdentifier" value="general_settings:Editor Theme:group_0" />
          <option name="name" value="darkCodeScheme" />
          <option name="value" value="_@user_Gruvbox Dark Hard" />
        </Entry>
        <Entry>
          <option name="groupIdentifier" value="general_settings:Editor Theme:group_0" />
          <option name="name" value="highContrastCodeScheme" />
          <option name="value" value="_@user_High contrast" />
        </Entry>
        <Entry>
          <option name="groupIdentifier" value="general_settings:Other" />
          <option name="name" value="checkHighContrast" />
          <option name="value" value="true" />
        </Entry>
        <Entry>
          <option name="groupIdentifier" value="__root__group__" />
          <option name="name" value="__settings__version__" />
          <option name="value" value="1.2" />
        </Entry>
        <Entry>
          <option name="groupIdentifier" value="__root__group__" />
          <option name="name" value="__settings__version__" />
          <option name="value" value="1.2" />
        </Entry>
      </list>
    </option>
  </component>
</application>